Company ID,Company Name,Logo,Telephone,Background_img,Category
3298,A Team Sports,https://img.freepik.com/free-vector/bird-colorful-logo-gradient-vector_343694-1365.jpg,869848290.0,https://hoadecor.vn/wp-content/uploads/2021/08/cua-hang-hoa-17.jpg,Running - Jogging
3298,A Team Sports,https://img.freepik.com/free-vector/bird-colorful-logo-gradient-vector_343694-1365.jpg,869848290.0,https://hoadecor.vn/wp-content/uploads/2021/08/cua-hang-hoa-17.jpg,Clothes
3298,A Team Sports,https://img.freepik.com/free-vector/bird-colorful-logo-gradient-vector_343694-1365.jpg,869848290.0,https://hoadecor.vn/wp-content/uploads/2021/08/cua-hang-hoa-17.jpg,Children Sports
3298,A Team Sports,https://img.freepik.com/free-vector/bird-colorful-logo-gradient-vector_343694-1365.jpg,869848290.0,https://hoadecor.vn/wp-content/uploads/2021/08/cua-hang-hoa-17.jpg,Team Sports
3298,A Team Sports,https://img.freepik.com/free-vector/bird-colorful-logo-gradient-vector_343694-1365.jpg,869848290.0,https://hoadecor.vn/wp-content/uploads/2021/08/cua-hang-hoa-17.jpg,Indoor Sports
3298,A Team Sports,https://img.freepik.com/free-vector/bird-colorful-logo-gradient-vector_343694-1365.jpg,869848290.0,https://hoadecor.vn/wp-content/uploads/2021/08/cua-hang-hoa-17.jpg,Assorted Sports Articles
3298,A Team Sports,https://img.freepik.com/free-vector/bird-colorful-logo-gradient-vector_343694-1365.jpg,869848290.0,https://hoadecor.vn/wp-content/uploads/2021/08/cua-hang-hoa-17.jpg,Outdoors
2963,3Top Sports,https://img.freepik.com/free-vector/bird-colorful-logo-gradient-vector_343694-1365.jpg,869848290.0,https://hoadecor.vn/wp-content/uploads/2021/08/cua-hang-hoa-17.jpg,Clothes
2963,3Top Sports,https://img.freepik.com/free-vector/bird-colorful-logo-gradient-vector_343694-1365.jpg,869848290.0,https://hoadecor.vn/wp-content/uploads/2021/08/cua-hang-hoa-17.jpg,Children Sports
2963,3Top Sports,https://img.freepik.com/free-vector/bird-colorful-logo-gradient-vector_343694-1365.jpg,869848290.0,https://hoadecor.vn/wp-content/uploads/2021/08/cua-hang-hoa-17.jpg,Shoes
2963,3Top Sports,https://img.freepik.com/free-vector/bird-colorful-logo-gradient-vector_343694-1365.jpg,869848290.0,https://hoadecor.vn/wp-content/uploads/2021/08/cua-hang-hoa-17.jpg,Running - Jogging
2963,3Top Sports,https://img.freepik.com/free-vector/bird-colorful-logo-gradient-vector_343694-1365.jpg,869848290.0,https://hoadecor.vn/wp-content/uploads/2021/08/cua-hang-hoa-17.jpg,Swim Sports
6153,Nautlius SportsWear Inc,https://img.freepik.com/free-vector/bird-colorful-logo-gradient-vector_343694-1365.jpg,869848290.0,https://hoadecor.vn/wp-content/uploads/2021/08/cua-hang-hoa-17.jpg,Swim Sports
6153,Nautlius SportsWear Inc,https://img.freepik.com/free-vector/bird-colorful-logo-gradient-vector_343694-1365.jpg,869848290.0,https://hoadecor.vn/wp-content/uploads/2021/08/cua-hang-hoa-17.jpg,Assorted Sports Articles
6153,Nautlius SportsWear Inc,https://img.freepik.com/free-vector/bird-colorful-logo-gradient-vector_343694-1365.jpg,869848290.0,https://hoadecor.vn/wp-content/uploads/2021/08/cua-hang-hoa-17.jpg,Racket Sports
6153,Nautlius SportsWear Inc,https://img.freepik.com/free-vector/bird-colorful-logo-gradient-vector_343694-1365.jpg,869848290.0,https://hoadecor.vn/wp-content/uploads/2021/08/cua-hang-hoa-17.jpg,Children Sports
1303,Eclipse Inc,https://img.freepik.com/free-vector/bird-colorful-logo-gradient-vector_343694-1365.jpg,869848290.0,https://hoadecor.vn/wp-content/uploads/2021/08/cua-hang-hoa-17.jpg,Clothes
1303,Eclipse Inc,https://img.freepik.com/free-vector/bird-colorful-logo-gradient-vector_343694-1365.jpg,869848290.0,https://hoadecor.vn/wp-content/uploads/2021/08/cua-hang-hoa-17.jpg,Shoes
1303,Eclipse Inc,https://img.freepik.com/free-vector/bird-colorful-logo-gradient-vector_343694-1365.jpg,869848290.0,https://hoadecor.vn/wp-content/uploads/2021/08/cua-hang-hoa-17.jpg,Children Sports
1303,Eclipse Inc,https://img.freepik.com/free-vector/bird-colorful-logo-gradient-vector_343694-1365.jpg,869848290.0,https://hoadecor.vn/wp-content/uploads/2021/08/cua-hang-hoa-17.jpg,Winter Sports
772,AllSeasons Outdoor Clothing,https://img.freepik.com/free-vector/bird-colorful-logo-gradient-vector_343694-1365.jpg,869848290.0,https://hoadecor.vn/wp-content/uploads/2021/08/cua-hang-hoa-17.jpg,Clothes
772,AllSeasons Outdoor Clothing,https://img.freepik.com/free-vector/bird-colorful-logo-gradient-vector_343694-1365.jpg,869848290.0,https://hoadecor.vn/wp-content/uploads/2021/08/cua-hang-hoa-17.jpg,Outdoors
772,AllSeasons Outdoor Clothing,https://img.freepik.com/free-vector/bird-colorful-logo-gradient-vector_343694-1365.jpg,869848290.0,https://hoadecor.vn/wp-content/uploads/2021/08/cua-hang-hoa-17.jpg,Children Sports
772,AllSeasons Outdoor Clothing,https://img.freepik.com/free-vector/bird-colorful-logo-gradient-vector_343694-1365.jpg,869848290.0,https://hoadecor.vn/wp-content/uploads/2021/08/cua-hang-hoa-17.jpg,Winter Sports
772,AllSeasons Outdoor Clothing,https://img.freepik.com/free-vector/bird-colorful-logo-gradient-vector_343694-1365.jpg,869848290.0,https://hoadecor.vn/wp-content/uploads/2021/08/cua-hang-hoa-17.jpg,Assorted Sports Articles
772,AllSeasons Outdoor Clothing,https://img.freepik.com/free-vector/bird-colorful-logo-gradient-vector_343694-1365.jpg,869848290.0,https://hoadecor.vn/wp-content/uploads/2021/08/cua-hang-hoa-17.jpg,Running - Jogging
14682,Greenline Sports Ltd,https://img.freepik.com/free-vector/bird-colorful-logo-gradient-vector_343694-1365.jpg,869848290.0,https://hoadecor.vn/wp-content/uploads/2021/08/cua-hang-hoa-17.jpg,Children Sports
14682,Greenline Sports Ltd,https://img.freepik.com/free-vector/bird-colorful-logo-gradient-vector_343694-1365.jpg,869848290.0,https://hoadecor.vn/wp-content/uploads/2021/08/cua-hang-hoa-17.jpg,Clothes
14682,Greenline Sports Ltd,https://img.freepik.com/free-vector/bird-colorful-logo-gradient-vector_343694-1365.jpg,869848290.0,https://hoadecor.vn/wp-content/uploads/2021/08/cua-hang-hoa-17.jpg,Shoes
14682,Greenline Sports Ltd,https://img.freepik.com/free-vector/bird-colorful-logo-gradient-vector_343694-1365.jpg,869848290.0,https://hoadecor.vn/wp-content/uploads/2021/08/cua-hang-hoa-17.jpg,Indoor Sports
4742,Luna sastreria S.A.,https://img.freepik.com/free-vector/bird-colorful-logo-gradient-vector_343694-1365.jpg,869848290.0,https://hoadecor.vn/wp-content/uploads/2021/08/cua-hang-hoa-17.jpg,Shoes
4742,Luna sastreria S.A.,https://img.freepik.com/free-vector/bird-colorful-logo-gradient-vector_343694-1365.jpg,869848290.0,https://hoadecor.vn/wp-content/uploads/2021/08/cua-hang-hoa-17.jpg,Outdoors
4742,Luna sastreria S.A.,https://img.freepik.com/free-vector/bird-colorful-logo-gradient-vector_343694-1365.jpg,869848290.0,https://hoadecor.vn/wp-content/uploads/2021/08/cua-hang-hoa-17.jpg,Assorted Sports Articles
4742,Luna sastreria S.A.,https://img.freepik.com/free-vector/bird-colorful-logo-gradient-vector_343694-1365.jpg,869848290.0,https://hoadecor.vn/wp-content/uploads/2021/08/cua-hang-hoa-17.jpg,Swim Sports
4742,Luna sastreria S.A.,https://img.freepik.com/free-vector/bird-colorful-logo-gradient-vector_343694-1365.jpg,869848290.0,https://hoadecor.vn/wp-content/uploads/2021/08/cua-hang-hoa-17.jpg,Clothes
4742,Luna sastreria S.A.,https://img.freepik.com/free-vector/bird-colorful-logo-gradient-vector_343694-1365.jpg,869848290.0,https://hoadecor.vn/wp-content/uploads/2021/08/cua-hang-hoa-17.jpg,Children Sports
4742,Luna sastreria S.A.,https://img.freepik.com/free-vector/bird-colorful-logo-gradient-vector_343694-1365.jpg,869848290.0,https://hoadecor.vn/wp-content/uploads/2021/08/cua-hang-hoa-17.jpg,Running - Jogging
798,Sportico,https://img.freepik.com/free-vector/bird-colorful-logo-gradient-vector_343694-1365.jpg,869848290.0,https://hoadecor.vn/wp-content/uploads/2021/08/cua-hang-hoa-17.jpg,Children Sports
798,Sportico,https://img.freepik.com/free-vector/bird-colorful-logo-gradient-vector_343694-1365.jpg,869848290.0,https://hoadecor.vn/wp-content/uploads/2021/08/cua-hang-hoa-17.jpg,Indoor Sports
798,Sportico,https://img.freepik.com/free-vector/bird-colorful-logo-gradient-vector_343694-1365.jpg,869848290.0,https://hoadecor.vn/wp-content/uploads/2021/08/cua-hang-hoa-17.jpg,Clothes
3664,Triple Sportswear Inc,https://img.freepik.com/free-vector/bird-colorful-logo-gradient-vector_343694-1365.jpg,869848290.0,https://hoadecor.vn/wp-content/uploads/2021/08/cua-hang-hoa-17.jpg,Clothes
3664,Triple Sportswear Inc,https://img.freepik.com/free-vector/bird-colorful-logo-gradient-vector_343694-1365.jpg,869848290.0,https://hoadecor.vn/wp-content/uploads/2021/08/cua-hang-hoa-17.jpg,Children Sports
3664,Triple Sportswear Inc,https://img.freepik.com/free-vector/bird-colorful-logo-gradient-vector_343694-1365.jpg,869848290.0,https://hoadecor.vn/wp-content/uploads/2021/08/cua-hang-hoa-17.jpg,Racket Sports
14624,Ypsilon S.A.,https://img.freepik.com/free-vector/bird-colorful-logo-gradient-vector_343694-1365.jpg,869848290.0,https://hoadecor.vn/wp-content/uploads/2021/08/cua-hang-hoa-17.jpg,Children Sports
14624,Ypsilon S.A.,https://img.freepik.com/free-vector/bird-colorful-logo-gradient-vector_343694-1365.jpg,869848290.0,https://hoadecor.vn/wp-content/uploads/2021/08/cua-hang-hoa-17.jpg,Assorted Sports Articles
18139,Green Lime Sports Inc,https://img.freepik.com/free-vector/bird-colorful-logo-gradient-vector_343694-1365.jpg,869848290.0,https://hoadecor.vn/wp-content/uploads/2021/08/cua-hang-hoa-17.jpg,Clothes
4646,Mayday Inc,https://img.freepik.com/free-vector/bird-colorful-logo-gradient-vector_343694-1365.jpg,869848290.0,https://hoadecor.vn/wp-content/uploads/2021/08/cua-hang-hoa-17.jpg,Clothes
4646,Mayday Inc,https://img.freepik.com/free-vector/bird-colorful-logo-gradient-vector_343694-1365.jpg,869848290.0,https://hoadecor.vn/wp-content/uploads/2021/08/cua-hang-hoa-17.jpg,Outdoors
4646,Mayday Inc,https://img.freepik.com/free-vector/bird-colorful-logo-gradient-vector_343694-1365.jpg,869848290.0,https://hoadecor.vn/wp-content/uploads/2021/08/cua-hang-hoa-17.jpg,Racket Sports
4646,Mayday Inc,https://img.freepik.com/free-vector/bird-colorful-logo-gradient-vector_343694-1365.jpg,869848290.0,https://hoadecor.vn/wp-content/uploads/2021/08/cua-hang-hoa-17.jpg,Winter Sports
4646,Mayday Inc,https://img.freepik.com/free-vector/bird-colorful-logo-gradient-vector_343694-1365.jpg,869848290.0,https://hoadecor.vn/wp-content/uploads/2021/08/cua-hang-hoa-17.jpg,Indoor Sports
4646,Mayday Inc,https://img.freepik.com/free-vector/bird-colorful-logo-gradient-vector_343694-1365.jpg,869848290.0,https://hoadecor.vn/wp-content/uploads/2021/08/cua-hang-hoa-17.jpg,Assorted Sports Articles
12869,Truls Sporting Goods,https://img.freepik.com/free-vector/bird-colorful-logo-gradient-vector_343694-1365.jpg,869848290.0,https://hoadecor.vn/wp-content/uploads/2021/08/cua-hang-hoa-17.jpg,Clothes
109,Petterson AB,https://img.freepik.com/free-vector/bird-colorful-logo-gradient-vector_343694-1365.jpg,869848290.0,https://hoadecor.vn/wp-content/uploads/2021/08/cua-hang-hoa-17.jpg,Assorted Sports Articles
109,Petterson AB,https://img.freepik.com/free-vector/bird-colorful-logo-gradient-vector_343694-1365.jpg,869848290.0,https://hoadecor.vn/wp-content/uploads/2021/08/cua-hang-hoa-17.jpg,Shoes
109,Petterson AB,https://img.freepik.com/free-vector/bird-colorful-logo-gradient-vector_343694-1365.jpg,869848290.0,https://hoadecor.vn/wp-content/uploads/2021/08/cua-hang-hoa-17.jpg,Clothes
5503,Ultra Sporting Goods Inc,https://img.freepik.com/free-vector/bird-colorful-logo-gradient-vector_343694-1365.jpg,869848290.0,https://hoadecor.vn/wp-content/uploads/2021/08/cua-hang-hoa-17.jpg,Clothes
2995,Van Dammeren International,https://img.freepik.com/free-vector/bird-colorful-logo-gradient-vector_343694-1365.jpg,869848290.0,https://hoadecor.vn/wp-content/uploads/2021/08/cua-hang-hoa-17.jpg,Clothes
2995,Van Dammeren International,https://img.freepik.com/free-vector/bird-colorful-logo-gradient-vector_343694-1365.jpg,869848290.0,https://hoadecor.vn/wp-content/uploads/2021/08/cua-hang-hoa-17.jpg,Golf
2995,Van Dammeren International,https://img.freepik.com/free-vector/bird-colorful-logo-gradient-vector_343694-1365.jpg,869848290.0,https://hoadecor.vn/wp-content/uploads/2021/08/cua-hang-hoa-17.jpg,Assorted Sports Articles
2995,Van Dammeren International,https://img.freepik.com/free-vector/bird-colorful-logo-gradient-vector_343694-1365.jpg,869848290.0,https://hoadecor.vn/wp-content/uploads/2021/08/cua-hang-hoa-17.jpg,Shoes
16733,Fuller Trading Co.,https://img.freepik.com/free-vector/bird-colorful-logo-gradient-vector_343694-1365.jpg,869848290.0,https://hoadecor.vn/wp-content/uploads/2021/08/cua-hang-hoa-17.jpg,Clothes
16733,Fuller Trading Co.,https://img.freepik.com/free-vector/bird-colorful-logo-gradient-vector_343694-1365.jpg,869848290.0,https://hoadecor.vn/wp-content/uploads/2021/08/cua-hang-hoa-17.jpg,Shoes
2685,Bon Garrments,https://img.freepik.com/free-vector/bird-colorful-logo-gradient-vector_343694-1365.jpg,869848290.0,https://hoadecor.vn/wp-content/uploads/2021/08/cua-hang-hoa-17.jpg,Clothes
2685,Bon Garrments,https://img.freepik.com/free-vector/bird-colorful-logo-gradient-vector_343694-1365.jpg,869848290.0,https://hoadecor.vn/wp-content/uploads/2021/08/cua-hang-hoa-17.jpg,Assorted Sports Articles
4793,Norsok A/S,https://img.freepik.com/free-vector/bird-colorful-logo-gradient-vector_343694-1365.jpg,869848290.0,https://hoadecor.vn/wp-content/uploads/2021/08/cua-hang-hoa-17.jpg,Winter Sports
4793,Norsok A/S,https://img.freepik.com/free-vector/bird-colorful-logo-gradient-vector_343694-1365.jpg,869848290.0,https://hoadecor.vn/wp-content/uploads/2021/08/cua-hang-hoa-17.jpg,Clothes
4793,Norsok A/S,https://img.freepik.com/free-vector/bird-colorful-logo-gradient-vector_343694-1365.jpg,869848290.0,https://hoadecor.vn/wp-content/uploads/2021/08/cua-hang-hoa-17.jpg,Outdoors
7650,Sockeye Sportswear Inc,https://img.freepik.com/free-vector/bird-colorful-logo-gradient-vector_343694-1365.jpg,869848290.0,https://hoadecor.vn/wp-content/uploads/2021/08/cua-hang-hoa-17.jpg,Clothes
13199,Massif S.A.,https://img.freepik.com/free-vector/bird-colorful-logo-gradient-vector_343694-1365.jpg,869848290.0,https://hoadecor.vn/wp-content/uploads/2021/08/cua-hang-hoa-17.jpg,Winter Sports
13199,Massif S.A.,https://img.freepik.com/free-vector/bird-colorful-logo-gradient-vector_343694-1365.jpg,869848290.0,https://hoadecor.vn/wp-content/uploads/2021/08/cua-hang-hoa-17.jpg,Assorted Sports Articles
13199,Massif S.A.,https://img.freepik.com/free-vector/bird-colorful-logo-gradient-vector_343694-1365.jpg,869848290.0,https://hoadecor.vn/wp-content/uploads/2021/08/cua-hang-hoa-17.jpg,Outdoors
13199,Massif S.A.,https://img.freepik.com/free-vector/bird-colorful-logo-gradient-vector_343694-1365.jpg,869848290.0,https://hoadecor.vn/wp-content/uploads/2021/08/cua-hang-hoa-17.jpg,Clothes
1747,Pro Sportswear Inc,https://img.freepik.com/free-vector/bird-colorful-logo-gradient-vector_343694-1365.jpg,869848290.0,https://hoadecor.vn/wp-content/uploads/2021/08/cua-hang-hoa-17.jpg,Shoes
1747,Pro Sportswear Inc,https://img.freepik.com/free-vector/bird-colorful-logo-gradient-vector_343694-1365.jpg,869848290.0,https://hoadecor.vn/wp-content/uploads/2021/08/cua-hang-hoa-17.jpg,Running - Jogging
1747,Pro Sportswear Inc,https://img.freepik.com/free-vector/bird-colorful-logo-gradient-vector_343694-1365.jpg,869848290.0,https://hoadecor.vn/wp-content/uploads/2021/08/cua-hang-hoa-17.jpg,Clothes
11427,Typhoon Clothing,https://img.freepik.com/free-vector/bird-colorful-logo-gradient-vector_343694-1365.jpg,869848290.0,https://hoadecor.vn/wp-content/uploads/2021/08/cua-hang-hoa-17.jpg,Clothes
5668,A. Pereira Sport,https://img.freepik.com/free-vector/bird-colorful-logo-gradient-vector_343694-1365.jpg,869848290.0,https://hoadecor.vn/wp-content/uploads/2021/08/cua-hang-hoa-17.jpg,Clothes
1444,Dutchman Bikes,https://img.freepik.com/free-vector/bird-colorful-logo-gradient-vector_343694-1365.jpg,869848290.0,https://hoadecor.vn/wp-content/uploads/2021/08/cua-hang-hoa-17.jpg,Clothes
13198,Twain Inc,https://img.freepik.com/free-vector/bird-colorful-logo-gradient-vector_343694-1365.jpg,869848290.0,https://hoadecor.vn/wp-content/uploads/2021/08/cua-hang-hoa-17.jpg,Assorted Sports Articles
13198,Twain Inc,https://img.freepik.com/free-vector/bird-colorful-logo-gradient-vector_343694-1365.jpg,869848290.0,https://hoadecor.vn/wp-content/uploads/2021/08/cua-hang-hoa-17.jpg,Winter Sports
13198,Twain Inc,https://img.freepik.com/free-vector/bird-colorful-logo-gradient-vector_343694-1365.jpg,869848290.0,https://hoadecor.vn/wp-content/uploads/2021/08/cua-hang-hoa-17.jpg,Shoes
13198,Twain Inc,https://img.freepik.com/free-vector/bird-colorful-logo-gradient-vector_343694-1365.jpg,869848290.0,https://hoadecor.vn/wp-content/uploads/2021/08/cua-hang-hoa-17.jpg,Golf
13198,Twain Inc,https://img.freepik.com/free-vector/bird-colorful-logo-gradient-vector_343694-1365.jpg,869848290.0,https://hoadecor.vn/wp-content/uploads/2021/08/cua-hang-hoa-17.jpg,Outdoors
755,Top Sports,https://img.freepik.com/free-vector/bird-colorful-logo-gradient-vector_343694-1365.jpg,869848290.0,https://hoadecor.vn/wp-content/uploads/2021/08/cua-hang-hoa-17.jpg,Outdoors
755,Top Sports,https://img.freepik.com/free-vector/bird-colorful-logo-gradient-vector_343694-1365.jpg,869848290.0,https://hoadecor.vn/wp-content/uploads/2021/08/cua-hang-hoa-17.jpg,Assorted Sports Articles
755,Top Sports,https://img.freepik.com/free-vector/bird-colorful-logo-gradient-vector_343694-1365.jpg,869848290.0,https://hoadecor.vn/wp-content/uploads/2021/08/cua-hang-hoa-17.jpg,Shoes
755,Top Sports,https://img.freepik.com/free-vector/bird-colorful-logo-gradient-vector_343694-1365.jpg,869848290.0,https://hoadecor.vn/wp-content/uploads/2021/08/cua-hang-hoa-17.jpg,Racket Sports
15218,Miller Trading Inc,https://img.freepik.com/free-vector/bird-colorful-logo-gradient-vector_343694-1365.jpg,869848290.0,https://hoadecor.vn/wp-content/uploads/2021/08/cua-hang-hoa-17.jpg,Outdoors
15218,Miller Trading Inc,https://img.freepik.com/free-vector/bird-colorful-logo-gradient-vector_343694-1365.jpg,869848290.0,https://hoadecor.vn/wp-content/uploads/2021/08/cua-hang-hoa-17.jpg,Team Sports
15218,Miller Trading Inc,https://img.freepik.com/free-vector/bird-colorful-logo-gradient-vector_343694-1365.jpg,869848290.0,https://hoadecor.vn/wp-content/uploads/2021/08/cua-hang-hoa-17.jpg,Winter Sports
15218,Miller Trading Inc,https://img.freepik.com/free-vector/bird-colorful-logo-gradient-vector_343694-1365.jpg,869848290.0,https://hoadecor.vn/wp-content/uploads/2021/08/cua-hang-hoa-17.jpg,Assorted Sports Articles
50,Scandinavian Clothing A/S,https://img.freepik.com/free-vector/bird-colorful-logo-gradient-vector_343694-1365.jpg,869848290.0,https://hoadecor.vn/wp-content/uploads/2021/08/cua-hang-hoa-17.jpg,Outdoors
50,Scandinavian Clothing A/S,https://img.freepik.com/free-vector/bird-colorful-logo-gradient-vector_343694-1365.jpg,869848290.0,https://hoadecor.vn/wp-content/uploads/2021/08/cua-hang-hoa-17.jpg,Winter Sports
50,Scandinavian Clothing A/S,https://img.freepik.com/free-vector/bird-colorful-logo-gradient-vector_343694-1365.jpg,869848290.0,https://hoadecor.vn/wp-content/uploads/2021/08/cua-hang-hoa-17.jpg,Assorted Sports Articles
10692,Toto Outdoor Gear,https://img.freepik.com/free-vector/bird-colorful-logo-gradient-vector_343694-1365.jpg,869848290.0,https://hoadecor.vn/wp-content/uploads/2021/08/cua-hang-hoa-17.jpg,Outdoors
1684,Magnifico Sports,https://img.freepik.com/free-vector/bird-colorful-logo-gradient-vector_343694-1365.jpg,869848290.0,https://hoadecor.vn/wp-content/uploads/2021/08/cua-hang-hoa-17.jpg,Assorted Sports Articles
1684,Magnifico Sports,https://img.freepik.com/free-vector/bird-colorful-logo-gradient-vector_343694-1365.jpg,869848290.0,https://hoadecor.vn/wp-content/uploads/2021/08/cua-hang-hoa-17.jpg,Outdoors
6355,Svensson Trading AB,https://img.freepik.com/free-vector/bird-colorful-logo-gradient-vector_343694-1365.jpg,869848290.0,https://hoadecor.vn/wp-content/uploads/2021/08/cua-hang-hoa-17.jpg,Outdoors
316,Prime Sports Ltd,https://img.freepik.com/free-vector/bird-colorful-logo-gradient-vector_343694-1365.jpg,869848290.0,https://hoadecor.vn/wp-content/uploads/2021/08/cua-hang-hoa-17.jpg,Outdoors
4718,KN Outdoor Trading Inc,https://img.freepik.com/free-vector/bird-colorful-logo-gradient-vector_343694-1365.jpg,869848290.0,https://hoadecor.vn/wp-content/uploads/2021/08/cua-hang-hoa-17.jpg,Outdoors
16422,Outback Outfitters Ltd,https://img.freepik.com/free-vector/bird-colorful-logo-gradient-vector_343694-1365.jpg,869848290.0,https://hoadecor.vn/wp-content/uploads/2021/08/cua-hang-hoa-17.jpg,Outdoors
4514,Royal Darts Ltd,https://img.freepik.com/free-vector/bird-colorful-logo-gradient-vector_343694-1365.jpg,869848290.0,https://hoadecor.vn/wp-content/uploads/2021/08/cua-hang-hoa-17.jpg,Assorted Sports Articles
17922,Bianco Trading S.A.,https://img.freepik.com/free-vector/bird-colorful-logo-gradient-vector_343694-1365.jpg,869848290.0,https://hoadecor.vn/wp-content/uploads/2021/08/cua-hang-hoa-17.jpg,Assorted Sports Articles
16814,CrystalClear Optics Inc,https://img.freepik.com/free-vector/bird-colorful-logo-gradient-vector_343694-1365.jpg,869848290.0,https://hoadecor.vn/wp-content/uploads/2021/08/cua-hang-hoa-17.jpg,Assorted Sports Articles
16814,CrystalClear Optics Inc,https://img.freepik.com/free-vector/bird-colorful-logo-gradient-vector_343694-1365.jpg,869848290.0,https://hoadecor.vn/wp-content/uploads/2021/08/cua-hang-hoa-17.jpg,Winter Sports
14162,Health-Sports,https://img.freepik.com/free-vector/bird-colorful-logo-gradient-vector_343694-1365.jpg,869848290.0,https://hoadecor.vn/wp-content/uploads/2021/08/cua-hang-hoa-17.jpg,Assorted Sports Articles
12283,EA Sports Limited,https://img.freepik.com/free-vector/bird-colorful-logo-gradient-vector_343694-1365.jpg,869848290.0,https://hoadecor.vn/wp-content/uploads/2021/08/cua-hang-hoa-17.jpg,Assorted Sports Articles
3815,Roll-Over Inc,https://img.freepik.com/free-vector/bird-colorful-logo-gradient-vector_343694-1365.jpg,869848290.0,https://hoadecor.vn/wp-content/uploads/2021/08/cua-hang-hoa-17.jpg,Assorted Sports Articles
1037,Meister Pharma & Chemie GmBH,https://img.freepik.com/free-vector/bird-colorful-logo-gradient-vector_343694-1365.jpg,869848290.0,https://hoadecor.vn/wp-content/uploads/2021/08/cua-hang-hoa-17.jpg,Assorted Sports Articles
5810,Teamsports Inc,https://img.freepik.com/free-vector/bird-colorful-logo-gradient-vector_343694-1365.jpg,869848290.0,https://hoadecor.vn/wp-content/uploads/2021/08/cua-hang-hoa-17.jpg,Assorted Sports Articles
5810,Teamsports Inc,https://img.freepik.com/free-vector/bird-colorful-logo-gradient-vector_343694-1365.jpg,869848290.0,https://hoadecor.vn/wp-content/uploads/2021/08/cua-hang-hoa-17.jpg,Team Sports
6246,Schroeder Trim GmBH,https://img.freepik.com/free-vector/bird-colorful-logo-gradient-vector_343694-1365.jpg,869848290.0,https://hoadecor.vn/wp-content/uploads/2021/08/cua-hang-hoa-17.jpg,Assorted Sports Articles
14593,Fga Sports Inc,https://img.freepik.com/free-vector/bird-colorful-logo-gradient-vector_343694-1365.jpg,869848290.0,https://hoadecor.vn/wp-content/uploads/2021/08/cua-hang-hoa-17.jpg,Team Sports
14593,Fga Sports Inc,https://img.freepik.com/free-vector/bird-colorful-logo-gradient-vector_343694-1365.jpg,869848290.0,https://hoadecor.vn/wp-content/uploads/2021/08/cua-hang-hoa-17.jpg,Assorted Sports Articles
5922,Force Sports,https://img.freepik.com/free-vector/bird-colorful-logo-gradient-vector_343694-1365.jpg,869848290.0,https://hoadecor.vn/wp-content/uploads/2021/08/cua-hang-hoa-17.jpg,Running - Jogging
5922,Force Sports,https://img.freepik.com/free-vector/bird-colorful-logo-gradient-vector_343694-1365.jpg,869848290.0,https://hoadecor.vn/wp-content/uploads/2021/08/cua-hang-hoa-17.jpg,Assorted Sports Articles
1280,British Sports Ltd,https://img.freepik.com/free-vector/bird-colorful-logo-gradient-vector_343694-1365.jpg,869848290.0,https://hoadecor.vn/wp-content/uploads/2021/08/cua-hang-hoa-17.jpg,Racket Sports
1280,British Sports Ltd,https://img.freepik.com/free-vector/bird-colorful-logo-gradient-vector_343694-1365.jpg,869848290.0,https://hoadecor.vn/wp-content/uploads/2021/08/cua-hang-hoa-17.jpg,Assorted Sports Articles
17832,GrandSlam Sporting Goods Ltd,https://img.freepik.com/free-vector/bird-colorful-logo-gradient-vector_343694-1365.jpg,869848290.0,https://hoadecor.vn/wp-content/uploads/2021/08/cua-hang-hoa-17.jpg,Golf
17832,GrandSlam Sporting Goods Ltd,https://img.freepik.com/free-vector/bird-colorful-logo-gradient-vector_343694-1365.jpg,869848290.0,https://hoadecor.vn/wp-content/uploads/2021/08/cua-hang-hoa-17.jpg,Assorted Sports Articles
17832,GrandSlam Sporting Goods Ltd,https://img.freepik.com/free-vector/bird-colorful-logo-gradient-vector_343694-1365.jpg,869848290.0,https://hoadecor.vn/wp-content/uploads/2021/08/cua-hang-hoa-17.jpg,Racket Sports
6071,SportsFan Products Ltd,https://img.freepik.com/free-vector/bird-colorful-logo-gradient-vector_343694-1365.jpg,869848290.0,https://hoadecor.vn/wp-content/uploads/2021/08/cua-hang-hoa-17.jpg,Team Sports
6071,SportsFan Products Ltd,https://img.freepik.com/free-vector/bird-colorful-logo-gradient-vector_343694-1365.jpg,869848290.0,https://hoadecor.vn/wp-content/uploads/2021/08/cua-hang-hoa-17.jpg,Assorted Sports Articles
15938,TeeTime Ltd,https://img.freepik.com/free-vector/bird-colorful-logo-gradient-vector_343694-1365.jpg,869848290.0,https://hoadecor.vn/wp-content/uploads/2021/08/cua-hang-hoa-17.jpg,Golf
4168,Rubby Zapatos S.A.,https://img.freepik.com/free-vector/bird-colorful-logo-gradient-vector_343694-1365.jpg,869848290.0,https://hoadecor.vn/wp-content/uploads/2021/08/cua-hang-hoa-17.jpg,Golf
7511,Mike Schaeffer Inc,https://img.freepik.com/free-vector/bird-colorful-logo-gradient-vector_343694-1365.jpg,869848290.0,https://hoadecor.vn/wp-content/uploads/2021/08/cua-hang-hoa-17.jpg,Golf
10225,HighPoint Trading,https://img.freepik.com/free-vector/bird-colorful-logo-gradient-vector_343694-1365.jpg,869848290.0,https://hoadecor.vn/wp-content/uploads/2021/08/cua-hang-hoa-17.jpg,Team Sports
10225,HighPoint Trading,https://img.freepik.com/free-vector/bird-colorful-logo-gradient-vector_343694-1365.jpg,869848290.0,https://hoadecor.vn/wp-content/uploads/2021/08/cua-hang-hoa-17.jpg,Golf
17501,ToughWear S.A.,https://img.freepik.com/free-vector/bird-colorful-logo-gradient-vector_343694-1365.jpg,869848290.0,https://hoadecor.vn/wp-content/uploads/2021/08/cua-hang-hoa-17.jpg,Golf
13710,SD Sporting Goods Inc,https://img.freepik.com/free-vector/bird-colorful-logo-gradient-vector_343694-1365.jpg,869848290.0,https://hoadecor.vn/wp-content/uploads/2021/08/cua-hang-hoa-17.jpg,Indoor Sports
16542,TrimSport B.V.,https://img.freepik.com/free-vector/bird-colorful-logo-gradient-vector_343694-1365.jpg,869848290.0,https://hoadecor.vn/wp-content/uploads/2021/08/cua-hang-hoa-17.jpg,Indoor Sports
14648,Top Sports Inc,https://img.freepik.com/free-vector/bird-colorful-logo-gradient-vector_343694-1365.jpg,869848290.0,https://hoadecor.vn/wp-content/uploads/2021/08/cua-hang-hoa-17.jpg,Team Sports
14648,Top Sports Inc,https://img.freepik.com/free-vector/bird-colorful-logo-gradient-vector_343694-1365.jpg,869848290.0,https://hoadecor.vn/wp-content/uploads/2021/08/cua-hang-hoa-17.jpg,Indoor Sports
13079,Le Blanc S.A.,https://img.freepik.com/free-vector/bird-colorful-logo-gradient-vector_343694-1365.jpg,869848290.0,https://hoadecor.vn/wp-content/uploads/2021/08/cua-hang-hoa-17.jpg,Racket Sports
3808,Carolina Sports,https://img.freepik.com/free-vector/bird-colorful-logo-gradient-vector_343694-1365.jpg,869848290.0,https://hoadecor.vn/wp-content/uploads/2021/08/cua-hang-hoa-17.jpg,Racket Sports
18012,Harry Penny Ltd,https://img.freepik.com/free-vector/bird-colorful-logo-gradient-vector_343694-1365.jpg,869848290.0,https://hoadecor.vn/wp-content/uploads/2021/08/cua-hang-hoa-17.jpg,Racket Sports
13314,Triffy B.V.,https://img.freepik.com/free-vector/bird-colorful-logo-gradient-vector_343694-1365.jpg,869848290.0,https://hoadecor.vn/wp-content/uploads/2021/08/cua-hang-hoa-17.jpg,Running - Jogging
16292,Dolphin Sportswear Inc,https://img.freepik.com/free-vector/bird-colorful-logo-gradient-vector_343694-1365.jpg,869848290.0,https://hoadecor.vn/wp-content/uploads/2021/08/cua-hang-hoa-17.jpg,Swim Sports
6991,SnowSports International GmBH,https://img.freepik.com/free-vector/bird-colorful-logo-gradient-vector_343694-1365.jpg,869848290.0,https://hoadecor.vn/wp-content/uploads/2021/08/cua-hang-hoa-17.jpg,Winter Sports
1,,,,,Staple
