Company ID,Company Name,Logo,Telephone,Background_img
3298,A Team Sports,https://img.freepik.com/free-vector/bird-colorful-logo-gradient-vector_343694-1365.jpg,0869848290,https://hoadecor.vn/wp-content/uploads/2021/08/cua-hang-hoa-17.jpg
2963,3Top Sports,https://img.freepik.com/free-vector/bird-colorful-logo-gradient-vector_343694-1365.jpg,0869848290,https://hoadecor.vn/wp-content/uploads/2021/08/cua-hang-hoa-17.jpg
6153,Nautlius SportsWear Inc,https://img.freepik.com/free-vector/bird-colorful-logo-gradient-vector_343694-1365.jpg,0869848290,https://hoadecor.vn/wp-content/uploads/2021/08/cua-hang-hoa-17.jpg
1303,Eclipse Inc,https://img.freepik.com/free-vector/bird-colorful-logo-gradient-vector_343694-1365.jpg,0869848290,https://hoadecor.vn/wp-content/uploads/2021/08/cua-hang-hoa-17.jpg
772,AllSeasons Outdoor Clothing,https://img.freepik.com/free-vector/bird-colorful-logo-gradient-vector_343694-1365.jpg,0869848290,https://hoadecor.vn/wp-content/uploads/2021/08/cua-hang-hoa-17.jpg
14682,Greenline Sports Ltd,https://img.freepik.com/free-vector/bird-colorful-logo-gradient-vector_343694-1365.jpg,0869848290,https://hoadecor.vn/wp-content/uploads/2021/08/cua-hang-hoa-17.jpg
4742,Luna sastreria S.A.,https://img.freepik.com/free-vector/bird-colorful-logo-gradient-vector_343694-1365.jpg,0869848290,https://hoadecor.vn/wp-content/uploads/2021/08/cua-hang-hoa-17.jpg
798,Sportico,https://img.freepik.com/free-vector/bird-colorful-logo-gradient-vector_343694-1365.jpg,0869848290,https://hoadecor.vn/wp-content/uploads/2021/08/cua-hang-hoa-17.jpg
3664,Triple Sportswear Inc,https://img.freepik.com/free-vector/bird-colorful-logo-gradient-vector_343694-1365.jpg,0869848290,https://hoadecor.vn/wp-content/uploads/2021/08/cua-hang-hoa-17.jpg
14624,Ypsilon S.A.,https://img.freepik.com/free-vector/bird-colorful-logo-gradient-vector_343694-1365.jpg,0869848290,https://hoadecor.vn/wp-content/uploads/2021/08/cua-hang-hoa-17.jpg
18139,Green Lime Sports Inc,https://img.freepik.com/free-vector/bird-colorful-logo-gradient-vector_343694-1365.jpg,0869848290,https://hoadecor.vn/wp-content/uploads/2021/08/cua-hang-hoa-17.jpg
4646,Mayday Inc,https://img.freepik.com/free-vector/bird-colorful-logo-gradient-vector_343694-1365.jpg,0869848290,https://hoadecor.vn/wp-content/uploads/2021/08/cua-hang-hoa-17.jpg
12869,Truls Sporting Goods,https://img.freepik.com/free-vector/bird-colorful-logo-gradient-vector_343694-1365.jpg,0869848290,https://hoadecor.vn/wp-content/uploads/2021/08/cua-hang-hoa-17.jpg
109,Petterson AB,https://img.freepik.com/free-vector/bird-colorful-logo-gradient-vector_343694-1365.jpg,0869848290,https://hoadecor.vn/wp-content/uploads/2021/08/cua-hang-hoa-17.jpg
5503,Ultra Sporting Goods Inc,https://img.freepik.com/free-vector/bird-colorful-logo-gradient-vector_343694-1365.jpg,0869848290,https://hoadecor.vn/wp-content/uploads/2021/08/cua-hang-hoa-17.jpg
2995,Van Dammeren International,https://img.freepik.com/free-vector/bird-colorful-logo-gradient-vector_343694-1365.jpg,0869848290,https://hoadecor.vn/wp-content/uploads/2021/08/cua-hang-hoa-17.jpg
16733,Fuller Trading Co.,https://img.freepik.com/free-vector/bird-colorful-logo-gradient-vector_343694-1365.jpg,0869848290,https://hoadecor.vn/wp-content/uploads/2021/08/cua-hang-hoa-17.jpg
2685,Bon Garrments,https://img.freepik.com/free-vector/bird-colorful-logo-gradient-vector_343694-1365.jpg,0869848290,https://hoadecor.vn/wp-content/uploads/2021/08/cua-hang-hoa-17.jpg
4793,Norsok A/S,https://img.freepik.com/free-vector/bird-colorful-logo-gradient-vector_343694-1365.jpg,0869848290,https://hoadecor.vn/wp-content/uploads/2021/08/cua-hang-hoa-17.jpg
7650,Sockeye Sportswear Inc,https://img.freepik.com/free-vector/bird-colorful-logo-gradient-vector_343694-1365.jpg,0869848290,https://hoadecor.vn/wp-content/uploads/2021/08/cua-hang-hoa-17.jpg
13199,Massif S.A.,https://img.freepik.com/free-vector/bird-colorful-logo-gradient-vector_343694-1365.jpg,0869848290,https://hoadecor.vn/wp-content/uploads/2021/08/cua-hang-hoa-17.jpg
1747,Pro Sportswear Inc,https://img.freepik.com/free-vector/bird-colorful-logo-gradient-vector_343694-1365.jpg,0869848290,https://hoadecor.vn/wp-content/uploads/2021/08/cua-hang-hoa-17.jpg
11427,Typhoon Clothing,https://img.freepik.com/free-vector/bird-colorful-logo-gradient-vector_343694-1365.jpg,0869848290,https://hoadecor.vn/wp-content/uploads/2021/08/cua-hang-hoa-17.jpg
5668,A. Pereira Sport,https://img.freepik.com/free-vector/bird-colorful-logo-gradient-vector_343694-1365.jpg,0869848290,https://hoadecor.vn/wp-content/uploads/2021/08/cua-hang-hoa-17.jpg
1444,Dutchman Bikes,https://img.freepik.com/free-vector/bird-colorful-logo-gradient-vector_343694-1365.jpg,0869848290,https://hoadecor.vn/wp-content/uploads/2021/08/cua-hang-hoa-17.jpg
13198,Twain Inc,https://img.freepik.com/free-vector/bird-colorful-logo-gradient-vector_343694-1365.jpg,0869848290,https://hoadecor.vn/wp-content/uploads/2021/08/cua-hang-hoa-17.jpg
755,Top Sports,https://img.freepik.com/free-vector/bird-colorful-logo-gradient-vector_343694-1365.jpg,0869848290,https://hoadecor.vn/wp-content/uploads/2021/08/cua-hang-hoa-17.jpg
15218,Miller Trading Inc,https://img.freepik.com/free-vector/bird-colorful-logo-gradient-vector_343694-1365.jpg,0869848290,https://hoadecor.vn/wp-content/uploads/2021/08/cua-hang-hoa-17.jpg
50,Scandinavian Clothing A/S,https://img.freepik.com/free-vector/bird-colorful-logo-gradient-vector_343694-1365.jpg,0869848290,https://hoadecor.vn/wp-content/uploads/2021/08/cua-hang-hoa-17.jpg
10692,Toto Outdoor Gear,https://img.freepik.com/free-vector/bird-colorful-logo-gradient-vector_343694-1365.jpg,0869848290,https://hoadecor.vn/wp-content/uploads/2021/08/cua-hang-hoa-17.jpg
1684,Magnifico Sports,https://img.freepik.com/free-vector/bird-colorful-logo-gradient-vector_343694-1365.jpg,0869848290,https://hoadecor.vn/wp-content/uploads/2021/08/cua-hang-hoa-17.jpg
6355,Svensson Trading AB,https://img.freepik.com/free-vector/bird-colorful-logo-gradient-vector_343694-1365.jpg,0869848290,https://hoadecor.vn/wp-content/uploads/2021/08/cua-hang-hoa-17.jpg
316,Prime Sports Ltd,https://img.freepik.com/free-vector/bird-colorful-logo-gradient-vector_343694-1365.jpg,0869848290,https://hoadecor.vn/wp-content/uploads/2021/08/cua-hang-hoa-17.jpg
4718,KN Outdoor Trading Inc,https://img.freepik.com/free-vector/bird-colorful-logo-gradient-vector_343694-1365.jpg,0869848290,https://hoadecor.vn/wp-content/uploads/2021/08/cua-hang-hoa-17.jpg
16422,Outback Outfitters Ltd,https://img.freepik.com/free-vector/bird-colorful-logo-gradient-vector_343694-1365.jpg,0869848290,https://hoadecor.vn/wp-content/uploads/2021/08/cua-hang-hoa-17.jpg
4514,Royal Darts Ltd,https://img.freepik.com/free-vector/bird-colorful-logo-gradient-vector_343694-1365.jpg,0869848290,https://hoadecor.vn/wp-content/uploads/2021/08/cua-hang-hoa-17.jpg
17922,Bianco Trading S.A.,https://img.freepik.com/free-vector/bird-colorful-logo-gradient-vector_343694-1365.jpg,0869848290,https://hoadecor.vn/wp-content/uploads/2021/08/cua-hang-hoa-17.jpg
16814,CrystalClear Optics Inc,https://img.freepik.com/free-vector/bird-colorful-logo-gradient-vector_343694-1365.jpg,0869848290,https://hoadecor.vn/wp-content/uploads/2021/08/cua-hang-hoa-17.jpg
14162,Health-Sports,https://img.freepik.com/free-vector/bird-colorful-logo-gradient-vector_343694-1365.jpg,0869848290,https://hoadecor.vn/wp-content/uploads/2021/08/cua-hang-hoa-17.jpg
12283,EA Sports Limited,https://img.freepik.com/free-vector/bird-colorful-logo-gradient-vector_343694-1365.jpg,0869848290,https://hoadecor.vn/wp-content/uploads/2021/08/cua-hang-hoa-17.jpg
3815,Roll-Over Inc,https://img.freepik.com/free-vector/bird-colorful-logo-gradient-vector_343694-1365.jpg,0869848290,https://hoadecor.vn/wp-content/uploads/2021/08/cua-hang-hoa-17.jpg
1037,Meister Pharma & Chemie GmBH,https://img.freepik.com/free-vector/bird-colorful-logo-gradient-vector_343694-1365.jpg,0869848290,https://hoadecor.vn/wp-content/uploads/2021/08/cua-hang-hoa-17.jpg
5810,Teamsports Inc,https://img.freepik.com/free-vector/bird-colorful-logo-gradient-vector_343694-1365.jpg,0869848290,https://hoadecor.vn/wp-content/uploads/2021/08/cua-hang-hoa-17.jpg
6246,Schroeder Trim GmBH,https://img.freepik.com/free-vector/bird-colorful-logo-gradient-vector_343694-1365.jpg,0869848290,https://hoadecor.vn/wp-content/uploads/2021/08/cua-hang-hoa-17.jpg
14593,Fga Sports Inc,https://img.freepik.com/free-vector/bird-colorful-logo-gradient-vector_343694-1365.jpg,0869848290,https://hoadecor.vn/wp-content/uploads/2021/08/cua-hang-hoa-17.jpg
5922,Force Sports,https://img.freepik.com/free-vector/bird-colorful-logo-gradient-vector_343694-1365.jpg,0869848290,https://hoadecor.vn/wp-content/uploads/2021/08/cua-hang-hoa-17.jpg
1280,British Sports Ltd,https://img.freepik.com/free-vector/bird-colorful-logo-gradient-vector_343694-1365.jpg,0869848290,https://hoadecor.vn/wp-content/uploads/2021/08/cua-hang-hoa-17.jpg
17832,GrandSlam Sporting Goods Ltd,https://img.freepik.com/free-vector/bird-colorful-logo-gradient-vector_343694-1365.jpg,0869848290,https://hoadecor.vn/wp-content/uploads/2021/08/cua-hang-hoa-17.jpg
6071,SportsFan Products Ltd,https://img.freepik.com/free-vector/bird-colorful-logo-gradient-vector_343694-1365.jpg,0869848290,https://hoadecor.vn/wp-content/uploads/2021/08/cua-hang-hoa-17.jpg
15938,TeeTime Ltd,https://img.freepik.com/free-vector/bird-colorful-logo-gradient-vector_343694-1365.jpg,0869848290,https://hoadecor.vn/wp-content/uploads/2021/08/cua-hang-hoa-17.jpg
4168,Rubby Zapatos S.A.,https://img.freepik.com/free-vector/bird-colorful-logo-gradient-vector_343694-1365.jpg,0869848290,https://hoadecor.vn/wp-content/uploads/2021/08/cua-hang-hoa-17.jpg
7511,Mike Schaeffer Inc,https://img.freepik.com/free-vector/bird-colorful-logo-gradient-vector_343694-1365.jpg,0869848290,https://hoadecor.vn/wp-content/uploads/2021/08/cua-hang-hoa-17.jpg
10225,HighPoint Trading,https://img.freepik.com/free-vector/bird-colorful-logo-gradient-vector_343694-1365.jpg,0869848290,https://hoadecor.vn/wp-content/uploads/2021/08/cua-hang-hoa-17.jpg
17501,ToughWear S.A.,https://img.freepik.com/free-vector/bird-colorful-logo-gradient-vector_343694-1365.jpg,0869848290,https://hoadecor.vn/wp-content/uploads/2021/08/cua-hang-hoa-17.jpg
13710,SD Sporting Goods Inc,https://img.freepik.com/free-vector/bird-colorful-logo-gradient-vector_343694-1365.jpg,0869848290,https://hoadecor.vn/wp-content/uploads/2021/08/cua-hang-hoa-17.jpg
16542,TrimSport B.V.,https://img.freepik.com/free-vector/bird-colorful-logo-gradient-vector_343694-1365.jpg,0869848290,https://hoadecor.vn/wp-content/uploads/2021/08/cua-hang-hoa-17.jpg
14648,Top Sports Inc,https://img.freepik.com/free-vector/bird-colorful-logo-gradient-vector_343694-1365.jpg,0869848290,https://hoadecor.vn/wp-content/uploads/2021/08/cua-hang-hoa-17.jpg
13079,Le Blanc S.A.,https://img.freepik.com/free-vector/bird-colorful-logo-gradient-vector_343694-1365.jpg,0869848290,https://hoadecor.vn/wp-content/uploads/2021/08/cua-hang-hoa-17.jpg
3808,Carolina Sports,https://img.freepik.com/free-vector/bird-colorful-logo-gradient-vector_343694-1365.jpg,0869848290,https://hoadecor.vn/wp-content/uploads/2021/08/cua-hang-hoa-17.jpg
18012,Harry Penny Ltd,https://img.freepik.com/free-vector/bird-colorful-logo-gradient-vector_343694-1365.jpg,0869848290,https://hoadecor.vn/wp-content/uploads/2021/08/cua-hang-hoa-17.jpg
13314,Triffy B.V.,https://img.freepik.com/free-vector/bird-colorful-logo-gradient-vector_343694-1365.jpg,0869848290,https://hoadecor.vn/wp-content/uploads/2021/08/cua-hang-hoa-17.jpg
16292,Dolphin Sportswear Inc,https://img.freepik.com/free-vector/bird-colorful-logo-gradient-vector_343694-1365.jpg,0869848290,https://hoadecor.vn/wp-content/uploads/2021/08/cua-hang-hoa-17.jpg
6991,SnowSports International GmBH,https://img.freepik.com/free-vector/bird-colorful-logo-gradient-vector_343694-1365.jpg,0869848290,https://hoadecor.vn/wp-content/uploads/2021/08/cua-hang-hoa-17.jpg
